days_alive,work_days,spec_days,rest_days,final_cash,final_happiness,final_health
1597,528,528,541,-50382.03555750629,20,49.1000000000021
1578,521,503,554,-50501.38051119671,5,37.15000000000347
1335,420,445,470,-50097.88437628678,90,82.30000000000379
991,286,351,354,-50677.76387602558,85,97.50000000000018
1163,352,382,429,-50230.91135554651,60,92.30000000000186
1293,412,430,451,-50009.34291108038,30,60.800000000003024
1484,469,468,547,-50269.77743447539,75,58.30000000000104
770,261,244,265,-4379.093452505688,0,-1.449999999998695
